,gene_id,group_1,group_2,p_value,chi2_stat,alpha_combined,alpha1,alpha2,transcript_ids
0,Nnat,mature Glutamatergic,Cajal-Retzius,8.463859558105469e-06,23.366180419921875,"[4.844405651092529, 5.105163097381592]","[9.200760841369629, 11.260157585144043]","[5.416140079498291, 2.7595672607421875]","['ENSMUST00000109526.1', 'ENSMUST00000153739.8']"
1,Rps24,mature Glutamatergic,Cajal-Retzius,0.0,61.13113784790039,"[9.047264099121094, 0.17855988442897797]","[60.52037811279297, 0.6119133234024048]","[20.446569442749023, 7.948244571685791]","['ENSMUST00000169826.2', 'ENSMUST00000223999.1']"
2,Evl,mature Glutamatergic,Cajal-Retzius,1.0,0.0,[1.0],[1.0],[1.0],['ENSMUST00000077735.12']
3,Pantr1,mature Glutamatergic,imature Glutamatergic,0.010361075401306152,13.195037841796875,"[1.3994486331939697, 1.0243074893951416, 7.707891464233398, 29.099641799926758]","[0.7690895199775696, 2.5602798461914062, 6.874954700469971, 18.752634048461914]","[3.8789050579071045, 1.5076848268508911, 19.596492767333984, 80.8360595703125]","['ENSMUST00000188153.6', 'ENSMUST00000180689.7', 'ENSMUST00000181593.7', 'ENSMUST00000181725.7']"
4,Pafah1b3,mature Glutamatergic,imature Glutamatergic,0.35189640522003174,2.088836669921875,"[32.122825622558594, 27.24503517150879]","[42.36835861206055, 38.84772872924805]","[51.640098571777344, 32.44254684448242]","['ENSMUST00000005583.11', 'ENSMUST00000148150.7']"
5,Cdc42,mature Glutamatergic,imature Glutamatergic,0.6048319041728973,1.0056095123291016,"[30.915206909179688, 19.27846908569336]","[44.837284088134766, 27.137788772583008]","[8.034863471984863, 7.122861385345459]","['ENSMUST00000030417.9', 'ENSMUST00000051477.12']"
6,Tecr,mature Glutamatergic,imature Glutamatergic,0.4681098461151123,1.5181045532226562,"[21.608287811279297, 33.11957550048828]","[19.885047912597656, 33.116004943847656]","[99.73323822021484, 116.22283935546875]","['ENSMUST00000019382.16', 'ENSMUST00000165740.8']"
7,Myl6,mature Glutamatergic,imature Glutamatergic,0.2615206241607666,2.682483673095703,"[0.6268051862716675, 3.8469367027282715]","[0.5119276642799377, 3.659249782562256]","[109.55904388427734, 245.5709228515625]","['ENSMUST00000218127.1', 'ENSMUST00000164181.1']"
8,Polr1d,mature Glutamatergic,imature Glutamatergic,0.6447034180164337,0.8779296875,"[82.56466674804688, 167.93597412109375]","[82.10231018066406, 186.10255432128906]","[164.19671630859375, 196.74069213867188]","['ENSMUST00000110557.4', 'ENSMUST00000050970.3']"
9,Pkm,mature Glutamatergic,imature Glutamatergic,0.013513326644897461,8.608154296875,"[5.093625545501709, 1.152480959892273]","[9.176956176757812, 1.4584277868270874]","[4.302055358886719, 1.832724928855896]","['ENSMUST00000163694.3', 'ENSMUST00000034834.15']"
10,Hnrnpk,mature Glutamatergic,intermediate progenitor,0.03229647874832153,12.188323974609375,"[7.257711887359619, 5.647127151489258, 5.18015193939209, 11.218143463134766, 19.119739532470703]","[8.505769729614258, 6.2802653312683105, 5.632720470428467, 11.9338960647583, 21.094758987426758]","[0.09035569429397583, 47.156673431396484, 62.90573501586914, 201.8378448486328, 201.8378448486328]","['ENSMUST00000176207.7', 'ENSMUST00000177019.7', 'ENSMUST00000225674.1', 'ENSMUST00000224182.1', 'ENSMUST00000043269.13']"
11,Pantr1,mature Glutamatergic,intermediate progenitor,0.1899816393852234,6.125335693359375,"[1.078297734260559, 2.0505800247192383, 8.494695663452148, 28.792339324951172]","[0.7690895199775696, 2.5602798461914062, 6.874954700469971, 18.752634048461914]","[4.352020263671875, 4.352020263671875, 31.281482696533203, 127.3692398071289]","['ENSMUST00000188153.6', 'ENSMUST00000180689.7', 'ENSMUST00000181593.7', 'ENSMUST00000181725.7']"
12,Nnat,mature Glutamatergic,intermediate progenitor,5.662441253662109e-06,34.392120361328125,"[13.334039688110352, 0.6547232270240784, 0.3345079720020294, 14.369028091430664, 0.3766854703426361, 0.617850124835968]","[18.381324768066406, 0.8391987681388855, 0.3190004527568817, 22.757675170898438, 0.4147147238254547, 0.7577518224716187]","[23.714702606201172, 1.1433846950531006, 1.022910714149475, 15.224302291870117, 0.9609883427619934, 1.2560465335845947]","['ENSMUST00000109526.1', 'ENSMUST00000173595.1', 'ENSMUST00000173041.7', 'ENSMUST00000153739.8', 'ENSMUST00000173839.1', 'ENSMUST00000088484.5']"
13,Cdc42,mature Glutamatergic,intermediate progenitor,0.04116201400756836,6.3804779052734375,"[22.808372497558594, 14.602609634399414]","[44.837284088134766, 27.137788772583008]","[59.5340461730957, 236.811767578125]","['ENSMUST00000030417.9', 'ENSMUST00000051477.12']"
14,Clta,mature Glutamatergic,intermediate progenitor,1.1920928955078125e-07,32.07025337219238,"[0.9423352479934692, 2.0129024982452393]","[39.1380615234375, 165.11941528320312]","[0.8849558234214783, 0.14457309246063232]","['ENSMUST00000170241.7', 'ENSMUST00000107849.9']"
15,Tecr,mature Glutamatergic,intermediate progenitor,0.020265281200408936,7.797691345214844,"[5.754110336303711, 8.545948028564453]","[19.885047912597656, 33.116004943847656]","[333.41473388671875, 89.25062561035156]","['ENSMUST00000019382.16', 'ENSMUST00000165740.8']"
16,Myl6,mature Glutamatergic,intermediate progenitor,0.05845487117767334,5.6790008544921875,"[0.42797982692718506, 1.9780749082565308]","[0.5119276642799377, 3.659249782562256]","[245.5709228515625, 109.55904388427734]","['ENSMUST00000218127.1', 'ENSMUST00000164181.1']"
17,Atp5g1,mature Glutamatergic,intermediate progenitor,0.9751454964280128,0.2149200439453125,"[46.036537170410156, 22.034425735473633, 5.614469051361084]","[35.95891189575195, 17.253677368164062, 4.379684925079346]","[280.1825256347656, 120.64604187011719, 40.3526725769043]","['ENSMUST00000090541.11', 'ENSMUST00000178611.7', 'ENSMUST00000107684.1']"
18,Fis1,mature Glutamatergic,intermediate progenitor,0.8275125175714493,0.378662109375,"[230.9712371826172, 72.4980239868164]","[199.86834716796875, 86.06849670410156]","[193.02252197265625, 43.21251678466797]","['ENSMUST00000019198.6', 'ENSMUST00000111094.7']"
19,Srsf3,mature Glutamatergic,intermediate progenitor,0.027932405471801758,7.155937194824219,"[21.160852432250977, 0.7793179750442505]","[17.75644874572754, 0.43024295568466187]","[117.9644546508789, 9.75711727142334]","['ENSMUST00000130216.1', 'ENSMUST00000037776.14']"
20,Hmgb3,mature Glutamatergic,intermediate progenitor,0.6449985802173615,0.87701416015625,"[126.58635711669922, 135.7084197998047]","[151.19839477539062, 101.24861145019531]","[167.1531219482422, 238.20523071289062]","['ENSMUST00000072699.12', 'ENSMUST00000114582.8']"
21,Pkm,mature Glutamatergic,intermediate progenitor,0.0,62.30571746826172,"[0.6668755412101746, 0.3677234947681427]","[9.176956176757812, 1.4584277868270874]","[0.8740222454071045, 8.468080520629883]","['ENSMUST00000163694.3', 'ENSMUST00000034834.15']"
22,Hnrnpk,mature Glutamatergic,radial glia,0.0,60.12457275390625,"[2.5449469089508057, 2.158884048461914, 2.5788352489471436, 6.944282531738281, 8.41482925415039]","[8.505769729614258, 6.2802653312683105, 5.632720470428467, 11.9338960647583, 21.094758987426758]","[1.504765272140503, 2.2503175735473633, 4.757312297821045, 17.97364044189453, 12.926629066467285]","['ENSMUST00000176207.7', 'ENSMUST00000177019.7', 'ENSMUST00000225674.1', 'ENSMUST00000224182.1', 'ENSMUST00000043269.13']"
23,Psap,mature Glutamatergic,radial glia,0.03718835115432739,6.583520889282227,"[0.6540717482566833, 1.0659416913986206]","[230.00735473632812, 23.26365089416504]","[2.165114402770996, 10.806867599487305]","['ENSMUST00000179238.7', 'ENSMUST00000105465.7']"
24,Nnat,mature Glutamatergic,radial glia,0.27804458141326904,2.559947967529297,"[8.920798301696777, 10.667770385742188]","[9.200760841369629, 11.260157585144043]","[15.110065460205078, 10.72067928314209]","['ENSMUST00000109526.1', 'ENSMUST00000153739.8']"
25,Cdc42,mature Glutamatergic,radial glia,0.0,41.44922065734863,"[2.21220326423645, 2.072172164916992]","[44.837284088134766, 27.137788772583008]","[0.31765687465667725, 2.1659095287323]","['ENSMUST00000030417.9', 'ENSMUST00000051477.12']"
26,Dnaja1,mature Glutamatergic,radial glia,0.7659489959478378,0.5332794189453125,"[40.44648742675781, 7.256720542907715]","[33.1618537902832, 6.025183200836182]","[252.48265075683594, 36.282405853271484]","['ENSMUST00000030118.9', 'ENSMUST00000164233.7']"
27,Tecr,mature Glutamatergic,radial glia,7.748603820800781e-07,28.200607299804688,"[2.1445209980010986, 2.2088427543640137]","[19.885047912597656, 33.116004943847656]","[194.34097290039062, 30.44131088256836]","['ENSMUST00000019382.16', 'ENSMUST00000165740.8']"
28,Tcf4,mature Glutamatergic,radial glia,0.41102004051208496,6.109649658203125,"[24.86836051940918, 23.587148666381836, 22.752891540527344, 78.16693115234375, 14.890677452087402, 83.9329605102539]","[12.242603302001953, 13.950860977172852, 13.288237571716309, 40.12210464477539, 11.474994659423828, 52.189292907714844]","[94.30552673339844, 66.0990219116211, 66.24407196044922, 282.32025146484375, 18.811635971069336, 216.741943359375]","['ENSMUST00000146908.1', 'ENSMUST00000202354.3', 'ENSMUST00000202937.3', 'ENSMUST00000114978.8', 'ENSMUST00000136019.2', 'ENSMUST00000114977.4']"
29,Mtch1,mature Glutamatergic,radial glia,0.00312119722366333,11.539093017578125,"[2.1877024173736572, 0.9057541489601135]","[125.37458801269531, 4.226297378540039]","[22.42274284362793, 19.66550064086914]","['ENSMUST00000095427.10', 'ENSMUST00000118366.7']"
30,Atp5c1,mature Glutamatergic,radial glia,1.0,0.0,[1.0],[1.0],[1.0],['ENSMUST00000114897.8']
31,Set,mature Glutamatergic,radial glia,0.7425843477249146,0.5952377319335938,"[79.36381530761719, 14.9286527633667]","[232.60311889648438, 34.29647445678711]","[43.11724090576172, 8.930078506469727]","['ENSMUST00000067996.6', 'ENSMUST00000102866.9']"
32,Myl6,mature Glutamatergic,radial glia,0.010192275047302246,9.172248840332031,"[0.5463531017303467, 1.13780677318573]","[0.5119276642799377, 3.659249782562256]","[1.31069016456604, 1.349769949913025]","['ENSMUST00000218127.1', 'ENSMUST00000164181.1']"
33,Mpped2,mature Glutamatergic,radial glia,0.02577817440032959,7.316455841064453,"[4.712181568145752, 1.2750828266143799]","[263.2666320800781, 186.2446746826172]","[85.50305938720703, 7.241004467010498]","['ENSMUST00000111063.7', 'ENSMUST00000016530.13']"
34,Ly6h,mature Glutamatergic,radial glia,0.1283084750175476,4.106636047363281,"[6.202560901641846, 1.1548869609832764]","[7.176485538482666, 1.2303909063339233]","[238.97259521484375, 191.4689178466797]","['ENSMUST00000127095.7', 'ENSMUST00000023241.11']"
35,Fis1,mature Glutamatergic,radial glia,0.30850422382354736,2.352039337158203,"[35.07060241699219, 5.4970598220825195]","[199.86834716796875, 86.06849670410156]","[76.90968322753906, 7.994239807128906]","['ENSMUST00000019198.6', 'ENSMUST00000111094.7']"
36,Meg3,mature Glutamatergic,radial glia,5.960464477539063e-08,33.358720779418945,"[10.269137382507324, 20.556867599487305]","[36.95237350463867, 80.87935638427734]","[5.810133457183838, 3.611149549484253]","['ENSMUST00000143836.7', 'ENSMUST00000129245.7']"
37,Polr1d,mature Glutamatergic,radial glia,0.017185568809509277,8.12736701965332,"[2.1523330211639404, 2.455338954925537]","[82.10231018066406, 186.10255432128906]","[2.9597630500793457, 1.4890881776809692]","['ENSMUST00000110557.4', 'ENSMUST00000050970.3']"
38,Smarcb1,mature Glutamatergic,radial glia,0.10404986143112183,4.52577018737793,"[14.985452651977539, 7.012962341308594]","[232.570068359375, 21.400592803955078]","[170.76622009277344, 117.05197143554688]","['ENSMUST00000000925.9', 'ENSMUST00000121304.1']"
39,Pkm,mature Glutamatergic,radial glia,0.0,107.37828063964844,"[0.22572587430477142, 0.2690800726413727]","[9.176956176757812, 1.4584277868270874]","[0.32331082224845886, 12.509057998657227]","['ENSMUST00000163694.3', 'ENSMUST00000034834.15']"
40,Hnrnpa3,mature Glutamatergic,radial glia,0.570455938577652,1.1226387023925781,"[12.8124418258667, 12.212345123291016]","[9.743197441101074, 5.685934543609619]","[14.043952941894531, 14.09992790222168]","['ENSMUST00000111964.7', 'ENSMUST00000111962.7']"
41,Rtn4,mature Glutamatergic,cycling radial glia,0.026180267333984375,9.247055053710938,"[8.06282901763916, 124.64871978759766, 2.917069911956787]","[13.38758373260498, 233.0674285888672, 3.7749688625335693]","[86.93335723876953, 258.9881286621094, 86.93335723876953]","['ENSMUST00000078830.10', 'ENSMUST00000102843.9', 'ENSMUST00000102842.9']"
42,Hnrnpk,mature Glutamatergic,cycling radial glia,0.0,43.8565673828125,"[5.2845635414123535, 4.988465785980225, 4.096936225891113, 13.560343742370605, 17.16730308532715]","[8.505769729614258, 6.2802653312683105, 5.632720470428467, 11.9338960647583, 21.094758987426758]","[14.2562255859375, 23.2791805267334, 16.25507164001465, 92.74217224121094, 82.251953125]","['ENSMUST00000176207.7', 'ENSMUST00000177019.7', 'ENSMUST00000225674.1', 'ENSMUST00000224182.1', 'ENSMUST00000043269.13']"
43,Rsrp1,mature Glutamatergic,cycling radial glia,0.10857999324798584,6.063106536865234,"[1.0106343030929565, 1.1146104335784912, 7.308178901672363]","[8.116722106933594, 3.090604543685913, 43.94557189941406]","[0.09167823195457458, 120.04608154296875, 239.22581481933594]","['ENSMUST00000148900.7', 'ENSMUST00000145364.7', 'ENSMUST00000078084.6']"
44,Pantr1,mature Glutamatergic,cycling radial glia,0.13237541913986206,7.0672760009765625,"[2.1589601039886475, 3.0548179149627686, 18.17171287536621, 48.555564880371094]","[0.7690895199775696, 2.5602798461914062, 6.874954700469971, 18.752634048461914]","[7.880314350128174, 7.29938268661499, 65.88994598388672, 175.57286071777344]","['ENSMUST00000188153.6', 'ENSMUST00000180689.7', 'ENSMUST00000181593.7', 'ENSMUST00000181725.7']"
45,Nnat,mature Glutamatergic,cycling radial glia,1.430511474609375e-06,37.42120361328125,"[19.419002532958984, 0.9262378811836243, 0.5491098165512085, 21.02869987487793, 0.7501823306083679, 0.8842065334320068]","[18.381324768066406, 0.8391987681388855, 0.3190004527568817, 22.757675170898438, 0.4147147238254547, 0.7577518224716187]","[34.54820251464844, 1.6419103145599365, 1.4468897581100464, 29.985477447509766, 2.0412425994873047, 1.6574472188949585]","['ENSMUST00000109526.1', 'ENSMUST00000173595.1', 'ENSMUST00000173041.7', 'ENSMUST00000153739.8', 'ENSMUST00000173839.1', 'ENSMUST00000088484.5']"
46,Mrpl30,mature Glutamatergic,cycling radial glia,0.8299530744552612,0.372772216796875,"[34.81242752075195, 219.0468292236328]","[43.21251678466797, 193.02252197265625]","[23.26365089416504, 230.00735473632812]","['ENSMUST00000193673.5', 'ENSMUST00000027256.11']"
47,Cdc42,mature Glutamatergic,cycling radial glia,2.092123031616211e-05,21.546688079833984,"[6.053460597991943, 4.7057366371154785]","[44.837284088134766, 27.137788772583008]","[1.7301207780838013, 5.930566787719727]","['ENSMUST00000030417.9', 'ENSMUST00000051477.12']"
48,Clta,mature Glutamatergic,cycling radial glia,3.266334533691406e-05,23.442848205566406,"[0.4585363566875458, 3.1673686504364014, 9.78124713897705]","[8.708948135375977, 54.508819580078125, 232.6570281982422]","[0.00459287641569972, 3.579132318496704, 2.775756359100342]","['ENSMUST00000107845.3', 'ENSMUST00000170241.7', 'ENSMUST00000107849.9']"
49,Dnaja1,mature Glutamatergic,cycling radial glia,0.013526082038879395,10.689971923828125,"[55.2452392578125, 8.830976486206055, 3.0769400596618652]","[72.86504364013672, 13.23018741607666, 4.684500217437744]","[160.8163604736328, 13.407148361206055, 3.874176263809204]","['ENSMUST00000030118.9', 'ENSMUST00000164233.7', 'ENSMUST00000125442.7']"
50,Tecr,mature Glutamatergic,cycling radial glia,0.20325887203216553,3.1865501403808594,"[10.2547607421875, 15.702630996704102]","[19.885047912597656, 33.116004943847656]","[7.362173080444336, 4.913817405700684]","['ENSMUST00000019382.16', 'ENSMUST00000165740.8']"
51,Tcf4,mature Glutamatergic,cycling radial glia,0.051293134689331055,12.521659851074219,"[5.8285603523254395, 8.626420974731445, 6.546365261077881, 7.568758010864258, 32.31428527832031, 30.33803367614746]","[7.54477071762085, 10.38687515258789, 8.745084762573242, 11.59521770477295, 32.577484130859375, 43.9655647277832]","[34.570838928222656, 60.51206588745117, 34.570838928222656, 25.703289031982422, 301.6149597167969, 129.67652893066406]","['ENSMUST00000146908.1', 'ENSMUST00000202354.3', 'ENSMUST00000114985.9', 'ENSMUST00000202937.3', 'ENSMUST00000114978.8', 'ENSMUST00000114977.4']"
52,Mtch1,mature Glutamatergic,cycling radial glia,0.00780719518661499,9.705415725708008,"[3.6510114669799805, 1.0549677610397339]","[125.37458801269531, 4.226297378540039]","[112.16111755371094, 69.04805755615234]","['ENSMUST00000095427.10', 'ENSMUST00000118366.7']"
53,Myl6,mature Glutamatergic,cycling radial glia,0.26522010564804077,2.654390335083008,"[0.43557989597320557, 1.9373458623886108]","[0.5119276642799377, 3.659249782562256]","[0.7695925831794739, 1.0283838510513306]","['ENSMUST00000218127.1', 'ENSMUST00000164181.1']"
54,Hnrnpf,mature Glutamatergic,cycling radial glia,0.8848540410399437,0.24466514587402344,"[5.561519145965576, 38.80976486206055]","[24.424959182739258, 217.41693115234375]","[2.099382162094116, 13.644039154052734]","['ENSMUST00000179224.7', 'ENSMUST00000035493.13']"
55,Mpped2,mature Glutamatergic,cycling radial glia,0.09463202953338623,4.715518951416016,"[4.146327018737793, 1.2891216278076172]","[263.2666320800781, 186.2446746826172]","[4.440009117126465, 1.1040244102478027]","['ENSMUST00000111063.7', 'ENSMUST00000016530.13']"
56,Eif4a2,mature Glutamatergic,cycling radial glia,1.0,0.0,[1.0],[1.0],[1.0],['ENSMUST00000023599.12']
57,Fis1,mature Glutamatergic,cycling radial glia,0.11775046586990356,5.876995086669922,"[16.43343734741211, 2.703840970993042, 1.1663331985473633]","[210.06387329101562, 90.50192260742188, 0.09229165315628052]","[253.3704071044922, 0.07738381624221802, 25.714696884155273]","['ENSMUST00000019198.6', 'ENSMUST00000111094.7', 'ENSMUST00000111097.7']"
58,Meg3,mature Glutamatergic,cycling radial glia,0.01032489538192749,9.14639663696289,"[26.49461555480957, 56.115814208984375]","[36.95237350463867, 80.87935638427734]","[8.942803382873535, 8.482154846191406]","['ENSMUST00000143836.7', 'ENSMUST00000129245.7']"
59,Anapc5,mature Glutamatergic,cycling radial glia,0.12438523769378662,7.2266387939453125,"[15.18993854522705, 149.35916137695312, 60.02687454223633, 30.035785675048828]","[52.1037712097168, 257.9626770019531, 103.65963745117188, 103.86061096191406]","[0.0755992978811264, 271.6216735839844, 109.09288787841797, 0.0755992978811264]","['ENSMUST00000200058.4', 'ENSMUST00000086216.8', 'ENSMUST00000200645.4', 'ENSMUST00000199406.4']"
60,Akap9,mature Glutamatergic,cycling radial glia,1.0,0.0,[1.0],[1.0],[1.0],['ENSMUST00000044492.9']
61,Polr1d,mature Glutamatergic,cycling radial glia,0.20655697584152222,3.15435791015625,"[30.630401611328125, 52.663970947265625]","[82.10231018066406, 186.10255432128906]","[130.39822387695312, 119.50447082519531]","['ENSMUST00000110557.4', 'ENSMUST00000050970.3']"
62,Smarcb1,mature Glutamatergic,cycling radial glia,0.2242833375930786,2.9896907806396484,"[12.019582748413086, 3.738217353820801]","[232.570068359375, 21.400592803955078]","[257.3301086425781, 161.3084259033203]","['ENSMUST00000000925.9', 'ENSMUST00000121304.1']"
63,Pkm,mature Glutamatergic,cycling radial glia,0.0,84.91272735595703,"[0.5131304264068604, 0.4217197895050049]","[9.176956176757812, 1.4584277868270874]","[1.0237078666687012, 6.413361549377441]","['ENSMUST00000163694.3', 'ENSMUST00000034834.15']"
64,Ly6h,mature Glutamatergic,imature GABAergic,0.7457719147205353,1.945556640625,"[30.77646255493164, 4.265877723693848, 5.612493515014648, 3.1335666179656982]","[29.127775192260742, 4.040004253387451, 5.32647705078125, 2.8875560760498047]","[320.80731201171875, 46.28287887573242, 46.28287887573242, 92.339599609375]","['ENSMUST00000127095.7', 'ENSMUST00000065417.14', 'ENSMUST00000023241.11', 'ENSMUST00000156032.1']"
65,Pkm,mature Glutamatergic,imature GABAergic,1.6093254089355469e-06,26.675640106201172,"[2.2277982234954834, 0.5688315033912659]","[9.176956176757812, 1.4584277868270874]","[0.0977388247847557, 0.416655957698822]","['ENSMUST00000163694.3', 'ENSMUST00000034834.15']"
66,Pantr1,mature Glutamatergic,mature GABAergic,0.7776561081409454,1.771697998046875,"[1.6723401546478271, 4.46205472946167, 11.420352935791016, 31.525697708129883]","[0.7690895199775696, 2.5602798461914062, 6.874954700469971, 18.752634048461914]","[43.3856201171875, 43.3856201171875, 86.46912384033203, 257.3288879394531]","['ENSMUST00000188153.6', 'ENSMUST00000180689.7', 'ENSMUST00000181593.7', 'ENSMUST00000181725.7']"
67,Tcf4,mature Glutamatergic,mature GABAergic,0.6674320697784424,4.9387969970703125,"[28.782682418823242, 36.28803634643555, 2.5413711071014404, 15.790484428405762, 94.364990234375, 23.64815330505371, 143.91920471191406]","[41.30186462402344, 53.34992980957031, 4.01808500289917, 24.933773040771484, 119.80590057373047, 33.12665557861328, 181.63388061523438]","[16.295480728149414, 16.295480728149414, 0.05249283090233803, 0.05249283090233803, 113.04360961914062, 16.295480728149414, 176.81106567382812]","['ENSMUST00000146908.1', 'ENSMUST00000202354.3', 'ENSMUST00000202116.3', 'ENSMUST00000114985.9', 'ENSMUST00000114978.8', 'ENSMUST00000136019.2', 'ENSMUST00000114977.4']"
68,Evl,mature Glutamatergic,mature GABAergic,0.7430214583873749,1.24169921875,"[17.5556697845459, 351.7624206542969, 53.1004753112793]","[34.08000564575195, 371.9572448730469, 68.071533203125]","[0.0793527364730835, 230.9956817626953, 26.05563735961914]","['ENSMUST00000109854.8', 'ENSMUST00000077735.12', 'ENSMUST00000021689.13']"
69,Srsf3,mature Glutamatergic,mature GABAergic,0.37998390197753906,1.9352531433105469,"[20.66828155517578, 0.5381149649620056]","[17.75644874572754, 0.43024295568466187]","[217.41693115234375, 24.424959182739258]","['ENSMUST00000130216.1', 'ENSMUST00000037776.14']"
70,Pkm,mature Glutamatergic,mature GABAergic,0.012739121913909912,8.726158142089844,"[5.82229471206665, 1.0594171285629272]","[9.176956176757812, 1.4584277868270874]","[83.82569122314453, 222.51065063476562]","['ENSMUST00000163694.3', 'ENSMUST00000034834.15']"
71,Nnat,Cajal-Retzius,imature Glutamatergic,1.0311603546142578e-05,22.966827392578125,"[5.36781644821167, 5.569009304046631]","[5.416140079498291, 2.7595672607421875]","[8.989949226379395, 10.423081398010254]","['ENSMUST00000109526.1', 'ENSMUST00000153739.8']"
72,Rps24,Cajal-Retzius,imature Glutamatergic,0.0,47.910343170166016,"[7.133257865905762, 0.20811793208122253]","[20.446569442749023, 7.948244571685791]","[47.33988571166992, 0.6856561899185181]","['ENSMUST00000169826.2', 'ENSMUST00000223999.1']"
73,Nnat,Cajal-Retzius,intermediate progenitor,0.3141266107559204,2.31591796875,"[6.289309978485107, 3.7650623321533203]","[5.416140079498291, 2.7595672607421875]","[9.079573631286621, 6.089186668395996]","['ENSMUST00000109526.1', 'ENSMUST00000153739.8']"
74,Rps24,Cajal-Retzius,intermediate progenitor,1.0,0.0,[1.0],[1.0],[1.0],['ENSMUST00000169826.2']
75,Nnat,Cajal-Retzius,radial glia,0.6739148795604706,0.7893028259277344,"[5.452525615692139, 2.9420382976531982]","[5.416140079498291, 2.7595672607421875]","[15.110065460205078, 10.72067928314209]","['ENSMUST00000109526.1', 'ENSMUST00000153739.8']"
76,Rps24,Cajal-Retzius,radial glia,1.0,0.0,[1.0],[1.0],[1.0],['ENSMUST00000169826.2']
77,Ywhaq,Cajal-Retzius,radial glia,1.0,0.0,[1.0],[1.0],[1.0],['ENSMUST00000135088.8']
78,Ly6h,Cajal-Retzius,radial glia,1.0,0.0,[1.0],[1.0],[1.0],['ENSMUST00000127095.7']
79,Meg3,Cajal-Retzius,radial glia,0.0032395124435424805,11.464662551879883,"[3.999566078186035, 4.988531112670898]","[16.755399703979492, 31.306819915771484]","[5.810133457183838, 3.611149549484253]","['ENSMUST00000143836.7', 'ENSMUST00000129245.7']"
80,Nnat,Cajal-Retzius,cycling radial glia,0.008624255657196045,9.50634765625,"[5.801948070526123, 4.528305530548096]","[5.416140079498291, 2.7595672607421875]","[9.431865692138672, 8.35806655883789]","['ENSMUST00000109526.1', 'ENSMUST00000153739.8']"
81,Rps24,Cajal-Retzius,cycling radial glia,0.0,55.5986213684082,"[5.377025604248047, 0.12694787979125977]","[20.446569442749023, 7.948244571685791]","[102.2574691772461, 0.6729943752288818]","['ENSMUST00000169826.2', 'ENSMUST00000223999.1']"
82,Eif4a2,Cajal-Retzius,cycling radial glia,1.0,0.0,[1.0],[1.0],[1.0],['ENSMUST00000023599.12']
83,Meg3,Cajal-Retzius,cycling radial glia,0.1258169412612915,4.145854949951172,"[11.08303451538086, 17.709409713745117]","[16.755399703979492, 31.306819915771484]","[8.942803382873535, 8.482154846191406]","['ENSMUST00000143836.7', 'ENSMUST00000129245.7']"
84,Nnat,Cajal-Retzius,imature GABAergic,1.1920928955078125e-07,32.393646240234375,"[6.994393348693848, 7.307666778564453]","[5.416140079498291, 2.7595672607421875]","[13.887048721313477, 15.962583541870117]","['ENSMUST00000109526.1', 'ENSMUST00000153739.8']"
85,Rps24,Cajal-Retzius,imature GABAergic,5.960464477539063e-08,32.847110748291016,"[3.956505537033081, 0.18545910716056824]","[20.446569442749023, 7.948244571685791]","[18.680036544799805, 0.3152787685394287]","['ENSMUST00000169826.2', 'ENSMUST00000223999.1']"
86,Nnat,Cajal-Retzius,mature GABAergic,0.0,37.042877197265625,"[5.786791801452637, 6.80430793762207]","[5.416140079498291, 2.7595672607421875]","[11.972548484802246, 15.755045890808105]","['ENSMUST00000109526.1', 'ENSMUST00000153739.8']"
87,Rps24,Cajal-Retzius,mature GABAergic,1.0,0.0,[1.0],[1.0],[1.0],['ENSMUST00000169826.2']
88,Gnas,Cajal-Retzius,mature GABAergic,1.0,0.0,[1.0],[1.0],[1.0],['ENSMUST00000109087.7']
89,Hnrnpk,imature Glutamatergic,intermediate progenitor,0.023691654205322266,12.966827392578125,"[11.161758422851562, 6.319116592407227, 6.461497783660889, 20.266050338745117, 37.65552520751953]","[18.773359298706055, 8.83973503112793, 8.612079620361328, 27.291122436523438, 56.24158477783203]","[0.09035569429397583, 47.156673431396484, 62.90573501586914, 201.8378448486328, 201.8378448486328]","['ENSMUST00000176207.7', 'ENSMUST00000177019.7', 'ENSMUST00000225674.1', 'ENSMUST00000224182.1', 'ENSMUST00000043269.13']"
90,Nnat,imature Glutamatergic,intermediate progenitor,0.00023651123046875,25.858856201171875,"[17.319055557250977, 0.6560045480728149, 0.7614380717277527, 18.326814651489258, 0.6078813672065735, 0.9349964261054993]","[20.758996963500977, 0.702670693397522, 0.886199951171875, 24.27496337890625, 0.6754509210586548, 1.0920580625534058]","[23.714702606201172, 1.1433846950531006, 1.022910714149475, 15.224302291870117, 0.9609883427619934, 1.2560465335845947]","['ENSMUST00000109526.1', 'ENSMUST00000173595.1', 'ENSMUST00000173041.7', 'ENSMUST00000153739.8', 'ENSMUST00000173839.1', 'ENSMUST00000088484.5']"
91,Cdc42,imature Glutamatergic,intermediate progenitor,0.3059449791908264,2.3687000274658203,"[3.767625093460083, 4.9700026512146]","[8.034863471984863, 7.122861385345459]","[59.5340461730957, 236.811767578125]","['ENSMUST00000030417.9', 'ENSMUST00000051477.12']"
92,Clta,imature Glutamatergic,intermediate progenitor,0.0010244250297546387,13.76722526550293,"[0.7378460168838501, 0.5671840906143188]","[77.46881103515625, 254.56410217285156]","[0.8849558234214783, 0.14457309246063232]","['ENSMUST00000170241.7', 'ENSMUST00000107849.9']"
93,Tecr,imature Glutamatergic,intermediate progenitor,0.08288121223449707,4.980693817138672,"[7.703114986419678, 6.884952545166016]","[99.73323822021484, 116.22283935546875]","[333.41473388671875, 89.25062561035156]","['ENSMUST00000019382.16', 'ENSMUST00000165740.8']"
94,Myl6,imature Glutamatergic,intermediate progenitor,0.19325155019760132,3.287525177001953,"[6.142117023468018, 6.142117023468018]","[109.55904388427734, 245.5709228515625]","[245.5709228515625, 109.55904388427734]","['ENSMUST00000218127.1', 'ENSMUST00000164181.1']"
95,Pkm,imature Glutamatergic,intermediate progenitor,2.980232238769531e-07,30.150474548339844,"[0.5347659587860107, 0.7507986426353455]","[4.302055358886719, 1.832724928855896]","[0.8740222454071045, 8.468080520629883]","['ENSMUST00000163694.3', 'ENSMUST00000034834.15']"
96,Hnrnpk,imature Glutamatergic,radial glia,5.960464477539063e-08,42.33708190917969,"[2.0810697078704834, 1.6614776849746704, 2.555996894836426, 8.986822128295898, 9.498357772827148]","[18.773359298706055, 8.83973503112793, 8.612079620361328, 27.291122436523438, 56.24158477783203]","[1.504765272140503, 2.2503175735473633, 4.757312297821045, 17.97364044189453, 12.926629066467285]","['ENSMUST00000176207.7', 'ENSMUST00000177019.7', 'ENSMUST00000225674.1', 'ENSMUST00000224182.1', 'ENSMUST00000043269.13']"
97,Pantr1,imature Glutamatergic,radial glia,3.248453140258789e-05,25.942047119140625,"[2.292619466781616, 0.9526149034500122, 8.231799125671387, 26.539072036743164]","[3.8789050579071045, 1.5076848268508911, 19.596492767333984, 80.8360595703125]","[8.943655967712402, 3.866506576538086, 22.92106819152832, 51.26504135131836]","['ENSMUST00000188153.6', 'ENSMUST00000180689.7', 'ENSMUST00000181593.7', 'ENSMUST00000181725.7']"
98,Nnat,imature Glutamatergic,radial glia,0.3523942232131958,2.086009979248047,"[8.926958084106445, 10.186810493469238]","[8.989949226379395, 10.423081398010254]","[15.110065460205078, 10.72067928314209]","['ENSMUST00000109526.1', 'ENSMUST00000153739.8']"
99,Cdc42,imature Glutamatergic,radial glia,0.08202332258224487,5.001502990722656,"[0.3975067436695099, 1.4134207963943481]","[8.034863471984863, 7.122861385345459]","[0.31765687465667725, 2.1659095287323]","['ENSMUST00000030417.9', 'ENSMUST00000051477.12']"
100,Dnaja1,imature Glutamatergic,radial glia,0.3126567602157593,2.325298309326172,"[12.416891098022461, 1.6291698217391968]","[5.0929412841796875, 0.6503086090087891]","[252.48265075683594, 36.282405853271484]","['ENSMUST00000030118.9', 'ENSMUST00000164233.7']"
101,Tecr,imature Glutamatergic,radial glia,0.000696718692779541,14.53826904296875,"[3.3430612087249756, 1.6274855136871338]","[99.73323822021484, 116.22283935546875]","[194.34097290039062, 30.44131088256836]","['ENSMUST00000019382.16', 'ENSMUST00000165740.8']"
102,Atp5c1,imature Glutamatergic,radial glia,1.0,0.0,[1.0],[1.0],[1.0],['ENSMUST00000114897.8']
103,Set,imature Glutamatergic,radial glia,0.19253849983215332,3.2949180603027344,"[37.99959945678711, 7.224199295043945]","[49.135196685791016, 0.05206519365310669]","[43.11724090576172, 8.930078506469727]","['ENSMUST00000067996.6', 'ENSMUST00000102866.9']"
104,Myl6,imature Glutamatergic,radial glia,0.35645490884780884,2.0630950927734375,"[1.3791555166244507, 1.4844416379928589]","[109.55904388427734, 245.5709228515625]","[1.31069016456604, 1.349769949913025]","['ENSMUST00000218127.1', 'ENSMUST00000164181.1']"
105,Mdk,imature Glutamatergic,radial glia,0.8052408993244171,0.4332275390625,"[12.124064445495605, 403.84088134765625]","[0.05206519365310669, 49.135196685791016]","[8.168912887573242, 256.58258056640625]","['ENSMUST00000028672.12', 'ENSMUST00000069423.12']"
106,Map1lc3a,imature Glutamatergic,radial glia,0.2002347707748413,3.2165298461914062,"[19.362077713012695, 71.52347564697266]","[26.785829544067383, 251.9260711669922]","[110.04051208496094, 256.45916748046875]","['ENSMUST00000154596.1', 'ENSMUST00000029128.3']"
107,Morf4l1,imature Glutamatergic,radial glia,1.0,0.0,[1.0],[1.0],[1.0],['ENSMUST00000169860.7']
108,Ly6h,imature Glutamatergic,radial glia,0.6505337059497833,0.85992431640625,"[172.1434783935547, 105.04415893554688]","[222.51065063476562, 83.82569122314453]","[238.97259521484375, 191.4689178466797]","['ENSMUST00000127095.7', 'ENSMUST00000023241.11']"
109,Meg3,imature Glutamatergic,radial glia,0.022136390209197998,7.621065139770508,"[2.387885570526123, 2.979038953781128]","[4.439968109130859, 9.670391082763672]","[5.810133457183838, 3.611149549484253]","['ENSMUST00000143836.7', 'ENSMUST00000129245.7']"
110,Polr1d,imature Glutamatergic,radial glia,0.40428370237350464,1.8112773895263672,"[3.1349172592163086, 1.9016369581222534]","[164.19671630859375, 196.74069213867188]","[2.9597630500793457, 1.4890881776809692]","['ENSMUST00000110557.4', 'ENSMUST00000050970.3']"
111,Pkm,imature Glutamatergic,radial glia,0.0,54.102752685546875,"[0.17808689177036285, 0.5671042799949646]","[4.302055358886719, 1.832724928855896]","[0.32331082224845886, 12.509057998657227]","['ENSMUST00000163694.3', 'ENSMUST00000034834.15']"
112,Hnrnpa3,imature Glutamatergic,radial glia,0.8681193143129349,0.2828521728515625,"[16.716297149658203, 16.74156379699707]","[193.4902801513672, 193.4902801513672]","[14.043952941894531, 14.09992790222168]","['ENSMUST00000111964.7', 'ENSMUST00000111962.7']"
113,Rtn4,imature Glutamatergic,cycling radial glia,0.4155077338218689,2.8489341735839844,"[1.6788403987884521, 10.587920188903809, 1.766643762588501]","[0.526655375957489, 5.3062028884887695, 0.7557199597358704]","[86.93335723876953, 258.9881286621094, 86.93335723876953]","['ENSMUST00000078830.10', 'ENSMUST00000102843.9', 'ENSMUST00000102842.9']"
114,Hnrnpk,imature Glutamatergic,cycling radial glia,1.5795230865478516e-05,29.845565795898438,"[6.794170379638672, 6.540714263916016, 5.10472297668457, 24.530420303344727, 28.40007781982422]","[18.773359298706055, 8.83973503112793, 8.612079620361328, 27.291122436523438, 56.24158477783203]","[14.2562255859375, 23.2791805267334, 16.25507164001465, 92.74217224121094, 82.251953125]","['ENSMUST00000176207.7', 'ENSMUST00000177019.7', 'ENSMUST00000225674.1', 'ENSMUST00000224182.1', 'ENSMUST00000043269.13']"
115,Cdc42,imature Glutamatergic,cycling radial glia,0.21696174144744873,3.0560684204101562,"[1.497584342956543, 3.242643117904663]","[8.034863471984863, 7.122861385345459]","[1.7301207780838013, 5.930566787719727]","['ENSMUST00000030417.9', 'ENSMUST00000051477.12']"
116,Clta,imature Glutamatergic,cycling radial glia,0.08669066429138184,6.5765838623046875,"[0.002413849113509059, 2.3393967151641846, 3.638167381286621]","[0.08340100944042206, 78.45109558105469, 257.4093933105469]","[0.00459287641569972, 3.579132318496704, 2.775756359100342]","['ENSMUST00000107845.3', 'ENSMUST00000170241.7', 'ENSMUST00000107849.9']"
117,Tecr,imature Glutamatergic,cycling radial glia,0.4961371421813965,1.4018058776855469,"[24.003318786621094, 24.359371185302734]","[99.73323822021484, 116.22283935546875]","[7.362173080444336, 4.913817405700684]","['ENSMUST00000019382.16', 'ENSMUST00000165740.8']"
118,Tcf4,imature Glutamatergic,cycling radial glia,0.07467591762542725,11.478153228759766,"[7.4342169761657715, 5.210750102996826, 2.6591098308563232, 2.4880571365356445, 27.156526565551758, 17.914920806884766]","[12.08979606628418, 3.4013092517852783, 1.2173799276351929, 2.0429229736328125, 20.177331924438477, 22.096050262451172]","[34.570838928222656, 60.51206588745117, 34.570838928222656, 25.703289031982422, 301.6149597167969, 129.67652893066406]","['ENSMUST00000146908.1', 'ENSMUST00000202354.3', 'ENSMUST00000114985.9', 'ENSMUST00000202937.3', 'ENSMUST00000114978.8', 'ENSMUST00000114977.4']"
119,Eif4a2,imature Glutamatergic,cycling radial glia,1.0,0.0,[1.0],[1.0],[1.0],['ENSMUST00000023599.12']
120,Meg3,imature Glutamatergic,cycling radial glia,0.15042126178741455,3.7886314392089844,"[3.9308078289031982, 6.190176486968994]","[4.439968109130859, 9.670391082763672]","[8.942803382873535, 8.482154846191406]","['ENSMUST00000143836.7', 'ENSMUST00000129245.7']"
121,Akap9,imature Glutamatergic,cycling radial glia,0.1657000184059143,3.5951528549194336,"[1.3198750019073486, 0.2999129295349121]","[125.37458801269531, 4.226297378540039]","[1.4145852327346802, 0.692441999912262]","['ENSMUST00000044492.9', 'ENSMUST00000143365.7']"
122,Polr1d,imature Glutamatergic,cycling radial glia,0.9313916265964508,0.14215087890625,"[125.54808044433594, 125.49906158447266]","[164.19671630859375, 196.74069213867188]","[130.39822387695312, 119.50447082519531]","['ENSMUST00000110557.4', 'ENSMUST00000050970.3']"
123,Pkm,imature Glutamatergic,cycling radial glia,0.0,38.10321807861328,"[0.5440273880958557, 1.0480917692184448]","[4.302055358886719, 1.832724928855896]","[1.0237078666687012, 6.413361549377441]","['ENSMUST00000163694.3', 'ENSMUST00000034834.15']"
124,Ly6h,imature Glutamatergic,imature GABAergic,0.6767987012863159,2.3218231201171875,"[253.1640167236328, 16.8510799407959, 67.80950927734375, 84.88639068603516]","[237.23390197753906, 0.10636204481124878, 89.57388305664062, 89.57388305664062]","[320.80731201171875, 46.28287887573242, 46.28287887573242, 92.339599609375]","['ENSMUST00000127095.7', 'ENSMUST00000065417.14', 'ENSMUST00000023241.11', 'ENSMUST00000156032.1']"
125,Pkm,imature Glutamatergic,imature GABAergic,0.0013307929039001465,13.24392318725586,"[1.2595802545547485, 0.807928740978241]","[4.302055358886719, 1.832724928855896]","[0.0977388247847557, 0.416655957698822]","['ENSMUST00000163694.3', 'ENSMUST00000034834.15']"
126,Pantr1,imature Glutamatergic,mature GABAergic,0.49925047159194946,3.361480712890625,"[4.518385887145996, 1.9087061882019043, 22.032014846801758, 90.32598114013672]","[3.8789050579071045, 1.5076848268508911, 19.596492767333984, 80.8360595703125]","[43.3856201171875, 43.3856201171875, 86.46912384033203, 257.3288879394531]","['ENSMUST00000188153.6', 'ENSMUST00000180689.7', 'ENSMUST00000181593.7', 'ENSMUST00000181725.7']"
127,Cdc42,imature Glutamatergic,mature GABAergic,0.23621559143066406,2.8860206604003906,"[3.8271546363830566, 2.0596554279327393]","[8.034863471984863, 7.122861385345459]","[217.41693115234375, 24.424959182739258]","['ENSMUST00000030417.9', 'ENSMUST00000051477.12']"
128,Pantr1,intermediate progenitor,radial glia,0.00507962703704834,14.82440185546875,"[3.5754013061523438, 1.8032687902450562, 11.420312881469727, 30.930482864379883]","[4.352020263671875, 4.352020263671875, 31.281482696533203, 127.3692398071289]","[8.943655967712402, 3.866506576538086, 22.92106819152832, 51.26504135131836]","['ENSMUST00000188153.6', 'ENSMUST00000180689.7', 'ENSMUST00000181593.7', 'ENSMUST00000181725.7']"
129,Cdc42,intermediate progenitor,radial glia,0.34099000692367554,2.151803970336914,"[0.43266570568084717, 2.682774305343628]","[59.5340461730957, 236.811767578125]","[0.31765687465667725, 2.1659095287323]","['ENSMUST00000030417.9', 'ENSMUST00000051477.12']"
130,Clta,intermediate progenitor,radial glia,1.0,0.0,[1.0],[1.0],[1.0],['ENSMUST00000170241.7']
131,Tecr,intermediate progenitor,radial glia,0.7204763293266296,0.6556854248046875,"[200.01956176757812, 34.76627731323242]","[333.41473388671875, 89.25062561035156]","[194.34097290039062, 30.44131088256836]","['ENSMUST00000019382.16', 'ENSMUST00000165740.8']"
132,Atp5c1,intermediate progenitor,radial glia,0.5030695497989655,1.374053955078125,"[40.830379486083984, 206.9497833251953]","[20.71210479736328, 286.5406188964844]","[53.381473541259766, 253.2893524169922]","['ENSMUST00000026887.13', 'ENSMUST00000114897.8']"
133,Set,intermediate progenitor,radial glia,1.0,0.0,[1.0],[1.0],[1.0],['ENSMUST00000067996.6']
134,Dpysl3,intermediate progenitor,radial glia,0.06602686643600464,5.435386657714844,"[2.116027593612671, 0.29105404019355774]","[11.530953407287598, 0.47910362482070923]","[167.6846466064453, 167.6846466064453]","['ENSMUST00000025379.13', 'ENSMUST00000121805.7']"
135,Hspa5,intermediate progenitor,radial glia,0.6752517819404602,0.78533935546875,"[27.947267532348633, 222.2360076904297]","[59.5340461730957, 236.811767578125]","[24.965038299560547, 231.72622680664062]","['ENSMUST00000100171.2', 'ENSMUST00000028222.12']"
136,Pkm,intermediate progenitor,radial glia,0.07185220718383789,5.266288757324219,"[0.3466726839542389, 7.439972400665283]","[0.8740222454071045, 8.468080520629883]","[0.32331082224845886, 12.509057998657227]","['ENSMUST00000163694.3', 'ENSMUST00000034834.15']"
137,Clta,intermediate progenitor,cycling radial glia,0.12330543994903564,4.186182022094727,"[1.4359631538391113, 0.5828276872634888]","[0.8849558234214783, 0.14457309246063232]","[3.46895432472229, 2.7004141807556152]","['ENSMUST00000170241.7', 'ENSMUST00000107849.9']"
138,Tcf4,intermediate progenitor,cycling radial glia,0.31125879287719727,7.1048583984375,"[18.827022552490234, 37.82496643066406, 18.827022552490234, 23.69777488708496, 212.2157745361328, 108.83170318603516]","[0.06490744650363922, 21.552757263183594, 0.06490744650363922, 43.31939697265625, 213.79750061035156, 171.35963439941406]","[34.570838928222656, 60.51206588745117, 34.570838928222656, 25.703289031982422, 301.6149597167969, 129.67652893066406]","['ENSMUST00000146908.1', 'ENSMUST00000202354.3', 'ENSMUST00000114985.9', 'ENSMUST00000202937.3', 'ENSMUST00000114978.8', 'ENSMUST00000114977.4']"
139,Set,intermediate progenitor,cycling radial glia,1.0,0.0,[1.0],[1.0],[1.0],['ENSMUST00000067996.6']
140,Myl6,intermediate progenitor,cycling radial glia,0.2983217239379883,2.41916561126709,"[1.2493219375610352, 1.2585926055908203]","[245.5709228515625, 109.55904388427734]","[0.7695925831794739, 1.0283838510513306]","['ENSMUST00000218127.1', 'ENSMUST00000164181.1']"
141,Nnat,intermediate progenitor,imature GABAergic,2.086162567138672e-06,36.598480224609375,"[36.07136154174805, 1.4760011434555054, 0.821205735206604, 38.16193389892578, 1.622726321220398, 1.4235289096832275]","[23.714702606201172, 1.1433846950531006, 1.022910714149475, 15.224302291870117, 0.9609883427619934, 1.2560465335845947]","[50.45940017700195, 1.9521037340164185, 0.936062216758728, 57.61552047729492, 2.2952497005462646, 1.8153825998306274]","['ENSMUST00000109526.1', 'ENSMUST00000173595.1', 'ENSMUST00000173041.7', 'ENSMUST00000153739.8', 'ENSMUST00000173839.1', 'ENSMUST00000088484.5']"
142,Pkm,intermediate progenitor,imature GABAergic,0.09335201978683472,4.742755889892578,"[0.3295579254627228, 2.1737163066864014]","[0.8740222454071045, 8.468080520629883]","[0.0977388247847557, 0.416655957698822]","['ENSMUST00000163694.3', 'ENSMUST00000034834.15']"
143,Hnrnpk,intermediate progenitor,mature GABAergic,0.3826404809951782,5.280281066894531,"[9.036360740661621, 28.612194061279297, 28.612194061279297, 83.92415618896484, 107.83153533935547]","[0.09035569429397583, 47.156673431396484, 62.90573501586914, 201.8378448486328, 201.8378448486328]","[51.49417495727539, 77.94037628173828, 52.118953704833984, 129.4635009765625, 257.93365478515625]","['ENSMUST00000176207.7', 'ENSMUST00000177019.7', 'ENSMUST00000225674.1', 'ENSMUST00000224182.1', 'ENSMUST00000043269.13']"
144,Pantr1,intermediate progenitor,mature GABAergic,0.6402544975280762,2.5244979858398438,"[6.985631465911865, 6.985631465911865, 42.427978515625, 169.87416076660156]","[4.352020263671875, 4.352020263671875, 31.281482696533203, 127.3692398071289]","[43.3856201171875, 43.3856201171875, 86.46912384033203, 257.3288879394531]","['ENSMUST00000188153.6', 'ENSMUST00000180689.7', 'ENSMUST00000181593.7', 'ENSMUST00000181725.7']"
145,Nnat,intermediate progenitor,mature GABAergic,0.0,47.429046630859375,"[16.971744537353516, 0.8564378023147583, 0.31887680292129517, 20.28513526916504, 0.5316569209098816, 0.8580564260482788]","[23.714702606201172, 1.1433846950531006, 1.022910714149475, 15.224302291870117, 0.9609883427619934, 1.2560465335845947]","[24.25787353515625, 1.1917564868927002, 0.30647221207618713, 32.213783264160156, 0.6707159876823425, 1.1549830436706543]","['ENSMUST00000109526.1', 'ENSMUST00000173595.1', 'ENSMUST00000173041.7', 'ENSMUST00000153739.8', 'ENSMUST00000173839.1', 'ENSMUST00000088484.5']"
146,Cdc42,intermediate progenitor,mature GABAergic,0.07591789960861206,5.156206130981445,"[1.1494572162628174, 0.8653226494789124]","[59.5340461730957, 236.811767578125]","[217.41693115234375, 24.424959182739258]","['ENSMUST00000030417.9', 'ENSMUST00000051477.12']"
147,Ppdpf,intermediate progenitor,mature GABAergic,0.8060714155435562,2.30133056640625,"[0.07135818153619766, 129.13906860351562, 0.07135818153619766, 129.13906860351562, 43.47243881225586]","[0.08705694228410721, 126.24349212646484, 0.08705694228410721, 251.57687377929688, 84.42797088623047]","[0.08577669411897659, 257.6852111816406, 0.08577669411897659, 129.29298400878906, 43.483097076416016]","['ENSMUST00000127971.7', 'ENSMUST00000146089.7', 'ENSMUST00000138800.7', 'ENSMUST00000108841.1', 'ENSMUST00000016488.12']"
148,Pkm,intermediate progenitor,mature GABAergic,0.2967008948326111,2.4300613403320312,"[0.9845835566520691, 8.250588417053223]","[0.8740222454071045, 8.468080520629883]","[83.82569122314453, 222.51065063476562]","['ENSMUST00000163694.3', 'ENSMUST00000034834.15']"
149,Cdk2ap1,radial glia,cycling radial glia,1.0,0.0,[1.0],[1.0],[1.0],['ENSMUST00000031341.10']
150,Tmpo,radial glia,cycling radial glia,0.27300548553466797,5.142303466796875,"[4.7325968742370605, 32.3499755859375, 22.287799835205078, 7.8949127197265625]","[15.888925552368164, 301.31353759765625, 110.61520385742188, 32.12416458129883]","[10.458154678344727, 47.933956146240234, 45.64445114135742, 16.687633514404297]","['ENSMUST00000099355.11', 'ENSMUST00000072239.13', 'ENSMUST00000092219.13', 'ENSMUST00000105293.10']"
151,Eef1d,radial glia,cycling radial glia,0.9466347098350525,0.10968399047851562,"[174.76898193359375, 21.081329345703125]","[43.87868118286133, 4.79739236831665]","[235.80125427246094, 32.778133392333984]","['ENSMUST00000154584.8', 'ENSMUST00000109972.8']"
152,Mrpl30,radial glia,cycling radial glia,0.5429113805294037,1.22161865234375,"[28.760112762451172, 111.10258483886719]","[49.94386291503906, 166.6824188232422]","[23.26365089416504, 230.00735473632812]","['ENSMUST00000193673.5', 'ENSMUST00000027256.11']"
153,Cdc42,radial glia,cycling radial glia,0.36641132831573486,2.007997512817383,"[0.5641469955444336, 2.770707130432129]","[0.31765687465667725, 2.1659095287323]","[1.7301207780838013, 5.930566787719727]","['ENSMUST00000030417.9', 'ENSMUST00000051477.12']"
154,Nasp,radial glia,cycling radial glia,0.024010300636291504,9.43707275390625,"[11.125685691833496, 3.900761604309082, 15.501769065856934]","[4.692590713500977, 0.790519118309021, 7.755176544189453]","[107.78855895996094, 51.77985763549805, 129.39630126953125]","['ENSMUST00000154811.7', 'ENSMUST00000030457.11', 'ENSMUST00000030456.13']"
155,Clta,radial glia,cycling radial glia,0.414254367351532,1.7625503540039062,"[4.538723468780518, 100.64691925048828]","[7.025513648986816, 123.34370422363281]","[0.04643676429986954, 73.17266082763672]","['ENSMUST00000107845.3', 'ENSMUST00000170241.7']"
156,Tecr,radial glia,cycling radial glia,0.07990944385528564,5.053722381591797,"[11.108963012695312, 2.7445056438446045]","[194.34097290039062, 30.44131088256836]","[7.362173080444336, 4.913817405700684]","['ENSMUST00000019382.16', 'ENSMUST00000165740.8']"
157,Atp5c1,radial glia,cycling radial glia,1.0,0.0,[1.0],[1.0],[1.0],['ENSMUST00000114897.8']
158,Set,radial glia,cycling radial glia,0.43335723876953125,1.6723861694335938,"[14.20253849029541, 3.666720151901245]","[43.11724090576172, 8.930078506469727]","[7.310479164123535, 2.1798501014709473]","['ENSMUST00000067996.6', 'ENSMUST00000102866.9']"
159,Myl6,radial glia,cycling radial glia,0.9011281207203865,0.20821571350097656,"[1.1804531812667847, 1.2706735134124756]","[1.31069016456604, 1.349769949913025]","[0.7695925831794739, 1.0283838510513306]","['ENSMUST00000218127.1', 'ENSMUST00000164181.1']"
160,Anapc11,radial glia,cycling radial glia,0.4706830382347107,1.50714111328125,"[74.30657196044922, 251.06802368164062]","[97.25837707519531, 394.6330261230469]","[126.30316162109375, 226.49844360351562]","['ENSMUST00000093140.4', 'ENSMUST00000026128.9']"
161,Dpysl3,radial glia,cycling radial glia,0.12019509077072144,4.237277984619141,"[3.2806453704833984, 0.5974743962287903]","[167.6846466064453, 167.6846466064453]","[6.487794399261475, 0.7450311183929443]","['ENSMUST00000025379.13', 'ENSMUST00000121805.7']"
162,Pkm,radial glia,cycling radial glia,0.00030875205993652344,16.165916442871094,"[0.44089275598526, 5.000736713409424]","[0.32331082224845886, 12.509057998657227]","[1.0237078666687012, 6.413361549377441]","['ENSMUST00000163694.3', 'ENSMUST00000034834.15']"
163,Hnrnpa3,radial glia,cycling radial glia,0.00825268030166626,9.594436645507812,"[19.192407608032227, 14.084697723388672]","[14.043952941894531, 14.09992790222168]","[158.40280151367188, 86.25251770019531]","['ENSMUST00000111964.7', 'ENSMUST00000111962.7']"
164,Hnrnpk,radial glia,imature GABAergic,0.033311426639556885,12.1099853515625,"[1.3121771812438965, 2.2149600982666016, 4.396789073944092, 15.964954376220703, 12.708230972290039]","[1.504765272140503, 2.2503175735473633, 4.757312297821045, 17.97364044189453, 12.926629066467285]","[0.09540583193302155, 61.184329986572266, 61.184329986572266, 91.5144271850586, 424.24237060546875]","['ENSMUST00000176207.7', 'ENSMUST00000177019.7', 'ENSMUST00000225674.1', 'ENSMUST00000224182.1', 'ENSMUST00000043269.13']"
165,Nnat,radial glia,imature GABAergic,0.333050012588501,2.198925018310547,"[14.171578407287598, 16.082284927368164]","[15.110065460205078, 10.72067928314209]","[13.887048721313477, 15.962583541870117]","['ENSMUST00000109526.1', 'ENSMUST00000153739.8']"
166,Mpped2,radial glia,imature GABAergic,0.12069064378738403,4.2290496826171875,"[1.765106439590454, 0.7873325347900391]","[85.50305938720703, 7.241004467010498]","[1.726609230041504, 0.8723527789115906]","['ENSMUST00000111063.7', 'ENSMUST00000016530.13']"
167,Meg3,radial glia,imature GABAergic,8.404254913330078e-06,23.372468948364258,"[6.513101577758789, 10.950688362121582]","[5.810133457183838, 3.611149549484253]","[36.83369064331055, 75.18710327148438]","['ENSMUST00000143836.7', 'ENSMUST00000129245.7']"
168,Hnrnpa1,radial glia,imature GABAergic,0.0034109950065612793,11.361518859863281,"[6.62427282333374, 26.704605102539062]","[4.737493991851807, 25.928369522094727]","[69.3680648803711, 188.3036346435547]","['ENSMUST00000036004.15', 'ENSMUST00000087351.8']"
169,Pkm,radial glia,imature GABAergic,0.026477515697479248,7.262920379638672,"[0.13854838907718658, 2.493468761444092]","[0.32331082224845886, 12.509057998657227]","[0.0977388247847557, 0.416655957698822]","['ENSMUST00000163694.3', 'ENSMUST00000034834.15']"
170,Hnrnpk,radial glia,mature GABAergic,0.23627954721450806,6.795745849609375,"[1.6973539590835571, 2.57358980178833, 4.930214881896973, 18.24724578857422, 13.90103816986084]","[1.504765272140503, 2.2503175735473633, 4.757312297821045, 17.97364044189453, 12.926629066467285]","[51.49417495727539, 77.94037628173828, 52.118953704833984, 129.4635009765625, 257.93365478515625]","['ENSMUST00000176207.7', 'ENSMUST00000177019.7', 'ENSMUST00000225674.1', 'ENSMUST00000224182.1', 'ENSMUST00000043269.13']"
171,Pantr1,radial glia,mature GABAergic,0.9335788562893867,0.835845947265625,"[10.621930122375488, 4.825561046600342, 26.947750091552734, 60.81890106201172]","[8.943655967712402, 3.866506576538086, 22.92106819152832, 51.26504135131836]","[43.3856201171875, 43.3856201171875, 86.46912384033203, 257.3288879394531]","['ENSMUST00000188153.6', 'ENSMUST00000180689.7', 'ENSMUST00000181593.7', 'ENSMUST00000181725.7']"
172,Nnat,radial glia,mature GABAergic,0.1660228967666626,3.591259002685547,"[11.648776054382324, 15.085972785949707]","[15.110065460205078, 10.72067928314209]","[11.972548484802246, 15.755045890808105]","['ENSMUST00000109526.1', 'ENSMUST00000153739.8']"
173,Cdc42,radial glia,mature GABAergic,0.055344343185424805,5.788362503051758,"[0.2433447539806366, 0.7909730076789856]","[0.31765687465667725, 2.1659095287323]","[217.41693115234375, 24.424959182739258]","['ENSMUST00000030417.9', 'ENSMUST00000051477.12']"
174,Mpped2,radial glia,mature GABAergic,0.11333596706390381,4.35479736328125,"[3.772385358810425, 0.9856970906257629]","[85.50305938720703, 7.241004467010498]","[7.488927364349365, 4.8194661140441895]","['ENSMUST00000111063.7', 'ENSMUST00000016530.13']"
175,Ly6h,radial glia,mature GABAergic,0.0671701431274414,5.401052474975586,"[1.5008666515350342, 0.3614153563976288]","[238.97259521484375, 191.4689178466797]","[55.756351470947266, 0.05079174414277077]","['ENSMUST00000127095.7', 'ENSMUST00000023241.11']"
176,Meg3,radial glia,mature GABAergic,0.0006597042083740234,14.647417068481445,"[3.6141011714935303, 5.997355937957764]","[5.810133457183838, 3.611149549484253]","[7.904237747192383, 16.027271270751953]","['ENSMUST00000143836.7', 'ENSMUST00000129245.7']"
177,Ppdpf,radial glia,mature GABAergic,0.4367939233779907,3.77862548828125,"[104.90065002441406, 12.835975646972656, 52.72507858276367, 58.5682258605957]","[165.66436767578125, 32.945838928222656, 83.18580627441406, 132.27725219726562]","[226.81997680664062, 0.09926066547632217, 113.8993148803711, 38.27718734741211]","['ENSMUST00000146089.7', 'ENSMUST00000138800.7', 'ENSMUST00000108841.1', 'ENSMUST00000016488.12']"
178,Pkm,radial glia,mature GABAergic,0.06349211931228638,5.513679504394531,"[0.28918787837028503, 8.538944244384766]","[0.32331082224845886, 12.509057998657227]","[83.82569122314453, 222.51065063476562]","['ENSMUST00000163694.3', 'ENSMUST00000034834.15']"
179,Meg3,cycling radial glia,imature GABAergic,0.029771387577056885,7.028415679931641,"[23.374271392822266, 44.351951599121094]","[8.942803382873535, 8.482154846191406]","[36.83369064331055, 75.18710327148438]","['ENSMUST00000143836.7', 'ENSMUST00000129245.7']"
180,Ccnd2,cycling radial glia,imature GABAergic,0.00039517879486083984,15.672355651855469,"[13.497007369995117, 1.1296346187591553]","[35.713340759277344, 2.1162474155426025]","[6.3437066078186035, 1.0924475193023682]","['ENSMUST00000000188.11', 'ENSMUST00000201637.1']"
181,Pkm,cycling radial glia,imature GABAergic,0.05276614427566528,5.883769989013672,"[0.6556293368339539, 3.5888473987579346]","[1.0237078666687012, 6.413361549377441]","[0.0977388247847557, 0.416655957698822]","['ENSMUST00000163694.3', 'ENSMUST00000034834.15']"
182,Hnrnpk,cycling radial glia,mature GABAergic,0.6959958970546722,3.02587890625,"[15.463921546936035, 25.164579391479492, 17.525646209716797, 96.23402404785156, 88.47667694091797]","[14.2562255859375, 23.2791805267334, 16.25507164001465, 92.74217224121094, 82.251953125]","[51.49417495727539, 77.94037628173828, 52.118953704833984, 129.4635009765625, 257.93365478515625]","['ENSMUST00000176207.7', 'ENSMUST00000177019.7', 'ENSMUST00000225674.1', 'ENSMUST00000224182.1', 'ENSMUST00000043269.13']"
183,Pantr1,cycling radial glia,mature GABAergic,0.6762439012527466,2.3248748779296875,"[7.725420951843262, 7.2072248458862305, 60.349979400634766, 161.18333435058594]","[7.880314350128174, 7.29938268661499, 65.88994598388672, 175.57286071777344]","[43.3856201171875, 43.3856201171875, 86.46912384033203, 257.3288879394531]","['ENSMUST00000188153.6', 'ENSMUST00000180689.7', 'ENSMUST00000181593.7', 'ENSMUST00000181725.7']"
184,Nnat,cycling radial glia,mature GABAergic,0.0,50.9456787109375,"[20.697296142578125, 1.0328567028045654, 0.4636441469192505, 24.35074234008789, 0.7979986071586609, 1.0212209224700928]","[34.54820251464844, 1.6419103145599365, 1.4468897581100464, 29.985477447509766, 2.0412425994873047, 1.6574472188949585]","[24.25787353515625, 1.1917564868927002, 0.30647221207618713, 32.213783264160156, 0.6707159876823425, 1.1549830436706543]","['ENSMUST00000109526.1', 'ENSMUST00000173595.1', 'ENSMUST00000173041.7', 'ENSMUST00000153739.8', 'ENSMUST00000173839.1', 'ENSMUST00000088484.5']"
185,Cdc42,cycling radial glia,mature GABAergic,0.04440969228744507,6.228595733642578,"[0.7228982448577881, 1.4099982976913452]","[1.7301207780838013, 5.930566787719727]","[217.41693115234375, 24.424959182739258]","['ENSMUST00000030417.9', 'ENSMUST00000051477.12']"
186,Mpped2,cycling radial glia,mature GABAergic,0.4024943709373474,1.8201484680175781,"[3.8237171173095703, 1.1763066053390503]","[4.440009117126465, 1.1040244102478027]","[7.488927364349365, 4.8194661140441895]","['ENSMUST00000111063.7', 'ENSMUST00000016530.13']"
187,Meg3,cycling radial glia,mature GABAergic,0.07636219263076782,5.144535064697266,"[6.459029674530029, 11.940196990966797]","[8.942803382873535, 8.482154846191406]","[7.904237747192383, 16.027271270751953]","['ENSMUST00000143836.7', 'ENSMUST00000129245.7']"
188,Ppdpf,cycling radial glia,mature GABAergic,0.3039398789405823,6.023490905761719,"[10.398924827575684, 134.6769256591797, 0.056569889187812805, 72.86090850830078, 123.99685668945312]","[23.57050895690918, 164.9813690185547, 0.0869651660323143, 94.64122772216797, 258.7391662597656]","[0.08577669411897659, 257.6852111816406, 0.08577669411897659, 129.29298400878906, 43.483097076416016]","['ENSMUST00000127971.7', 'ENSMUST00000146089.7', 'ENSMUST00000138800.7', 'ENSMUST00000108841.1', 'ENSMUST00000016488.12']"
189,Pkm,cycling radial glia,mature GABAergic,0.4058113694190979,1.8037338256835938,"[1.084380030632019, 6.564512252807617]","[1.0237078666687012, 6.413361549377441]","[83.82569122314453, 222.51065063476562]","['ENSMUST00000163694.3', 'ENSMUST00000034834.15']"
190,Ly6h,imature GABAergic,mature GABAergic,0.12770473957061768,7.1593170166015625,"[91.78060913085938, 4.805148601531982, 4.805148601531982, 9.1709566116333]","[320.80731201171875, 46.28287887573242, 46.28287887573242, 92.339599609375]","[104.65373992919922, 0.04197351261973381, 0.04197351261973381, 0.04197351261973381]","['ENSMUST00000127095.7', 'ENSMUST00000065417.14', 'ENSMUST00000023241.11', 'ENSMUST00000156032.1']"
191,Pkm,imature GABAergic,mature GABAergic,0.1576523780822754,3.69472599029541,"[0.2361876368522644, 0.7671306729316711]","[0.0977388247847557, 0.416655957698822]","[83.82569122314453, 222.51065063476562]","['ENSMUST00000163694.3', 'ENSMUST00000034834.15']"
